Provider,Web Site
Behavior Change and Associates,http://www.behaviorchange.com
Bluestem Center for Autism,http://www.bluestemcenterforautism.com
Building Blocks Behavioral Services,http://buildingblocksbehavioralservices.com
Clinical Behavior Analysis,https://cbacares.com/
"AlphaBee, Inc",http://www.alphabee.com/
Autism New Jersey,http://www.autismnj.org
"BGF Performance Systems, LLC",http://www.bgftherapy.com
Behavioral and Educational Strategies and Training,http://www.bestforautism.com/
"Beyond Expectations, Inc.",http://www.beitherapy.com
Breaking Barriers Therapy Services,https://www.breakingbarrierstherapy.com
